WORD_ID,VOCAB_WORD
0,http
1,use
2,list
3,email
4,get
5,mail
6,one
7,free
8,time
9,work
10,messag
11,make
12,like
13,would
14,peopl
15,new
16,inform
17,receiv
18,pleas
19,click
20,busi
21,address
22,want
23,us
24,need
25,order
26,remov
27,also
28,go
29,year
30,send
31,money
32,file
33,compani
34,system
35,report
36,way
37,wrote
38,name
39,user
40,look
41,chang
42,site
43,day
44,know
45,state
46,program
47,may
48,see
49,call
50,could
51,group
52,even
53,think
54,includ
55,linux
56,first
57,offer
58,take
59,say
60,right
61,servic
62,world
63,tri
64,help
65,find
66,internet
67,market
68,product
69,mani
70,much
71,home
72,said
73,softwar
74,web
75,problem
76,date
77,line
78,spam
79,link
80,start
81,check
82,number
83,run
84,good
85,thing
86,well
87,subject
88,interest
89,phone
90,govern
91,person
92,provid
93,set
94,today
95,come
96,ad
97,million
98,server
99,give
100,follow
101,back
102,best
103,month
104,form
105,rate
106,everi
107,secur
108,gener
109,url
110,price
111,still
112,comput
113,packag
114,instal
115,code
116,sent
117,avail
118,life
119,version
120,read
121,commun
122,sinc
123,maintain
124,grant
125,sponsor
126,thank
127,network
128,two
129,differ
130,credit
131,without
132,made
133,develop
134,support
135,within
136,week
137,page
138,write
139,save
140,realli
141,subscript
142,case
143,irish
144,someth
145,current
146,un
147,anyon
148,last
149,onlin
150,complet
151,sure
152,seem
153,card
154,build
155,requir
156,manag
157,custom
158,de
159,ilug
160,never
161,better
162,window
163,keep
164,special
165,ca
166,point
167,place
168,search
169,per
170,anoth
171,found
172,actual
173,access
174,result
175,repli
176,contact
177,question
178,part
179,base
180,listmast
181,old
182,futur
183,put
184,issu
185,wish
186,long
187,next
188,let
189,live
190,countri
191,hour
192,end
193,invest
194,unsubscrib
195,easi
196,mean
197,must
198,process
199,unit
200,great
201,lot
202,got
203,nation
204,account
205,show
206,technolog
207,guarante
208,might
209,power
210,releas
211,legal
212,data
213,cost
214,allow
215,success
216,sourc
217,news
218,engin
219,possibl
220,profession
221,trade
222,visit
223,idea
224,post
225,increas
226,pay
227,ask
228,public
229,advertis
230,open
231,error
232,websit
233,opportun
234,test
235,real
236,sell
237,ever
238,less
239,respons
240,insur
241,plan
242,design
243,tell
244,creat
245,word
246,buy
247,reason
248,prefer
249,howev
250,heaven
251,effect
252,someon
253,aug
254,color
255,cd
256,sale
257,law
258,applic
259,improv
260,around
261,instead
262,fact
263,least
264,box
265,dollar
266,ye
267,fix
268,american
269,rpm
270,job
271,copi
272,probabl
273,simpl
274,origin
275,believ
276,cours
277,contain
278,fax
279,move
280,type
281,happen
282,friend
283,though
284,littl
285,els
286,financi
287,total
288,valu
289,share
290,welcom
291,request
292,add
293,exampl
294,return
295,abl
296,client
297,format
298,perl
299,anyth
300,alway
301,simpli
302,alreadi
303,high
304,protect
305,fill
306,full
307,cash
308,feel
309,mailto
310,directori
311,purchas
312,regard
313,licens
314,bit
315,stop
316,signatur
317,import
318,experi
319,intern
320,polici
321,answer
322,exist
323,past
324,famili
325,note
326,updat
327,learn
328,top
329,info
330,sep
331,geek
332,becom
333,act
334,lead
335,age
336,small
337,drive
338,ship
339,second
340,instruct
341,suppli
342,control
343,member
344,databas
345,thousand
346,low
347,recent
348,incom
349,select
350,featur
351,stuff
352,minut
353,appli
354,done
355,turn
356,sever
357,industri
358,yet
359,folder
360,citi
361,continu
362,limit
363,understand
364,tool
365,detail
366,guid
367,c
368,noth
369,e
370,exmh
371,notic
372,step
373,everyth
374,enough
375,oper
376,big
377,claim
378,sign
379,univers
380,caus
381,letter
382,larg
383,key
384,other
385,care
386,three
387,hard
388,thinkgeek
389,connect
390,record
391,discuss
392,accept
393,etc
394,text
395,bill
396,thu
397,play
398,term
399,pgp
400,via
401,offic
402,specif
403,america
404,talk
405,deal
406,immedi
407,mayb
408,direct
409,download
410,option
411,major
412,seen
413,forc
414,subscrib
415,true
416,hope
417,center
418,kind
419,thought
420,method
421,individu
422,decid
423,rule
424,log
425,lose
426,plu
427,natur
428,comment
429,matter
430,either
431,risk
432,yahoo
433,assist
434,quot
435,present
436,rather
437,content
438,mime
439,away
440,rememb
441,wait
442,bank
443,r
444,hand
445,fund
446,local
447,kernel
448,project
449,secret
450,loan
451,level
452,train
453,hundr
454,corpor
455,activ
456,research
457,consid
458,matthia
459,razor
460,area
461,august
462,forward
463,book
464,bodi
465,root
466,stori
467,addit
468,machin
469,target
470,standard
471,benefit
472,entir
473,war
474,bad
475,suggest
476,quit
477,document
478,posit
479,copyright
480,global
481,appear
482,presid
483,bug
484,author
485,often
486,expect
487,juli
488,distribut
489,polit
490,human
491,mind
492,septemb
493,grow
494,jul
495,ago
496,size
497,qualiti
498,hit
499,none
500,trust
501,easili
502,absolut
503,partner
504,pm
505,island
506,love
507,b
508,whether
509,agent
510,join
511,given
512,solut
513,collect
514,involv
515,amount
516,happi
517,fast
518,associ
519,charg
520,domain
521,singl
522,man
523,whole
524,promot
525,dvd
526,later
527,fork
528,earn
529,sort
530,far
531,parti
532,hi
533,feder
534,upon
535,mortgag
536,submit
537,enter
538,normal
539,potenti
540,meet
541,refer
542,wrong
543,wed
544,function
545,nice
546,red
547,tm
548,load
549,transact
550,social
551,econom
552,publish
553,wonder
554,almost
555,john
556,discov
557,everyon
558,reach
559,close
560,pass
561,view
562,fail
563,execut
564,sound
565,depend
566,profit
567,privat
568,perform
569,women
570,attack
571,broadcast
572,x
573,newslett
574,relat
575,paid
576,automat
577,statement
578,effort
579,contract
580,delet
581,mark
582,begin
583,foreign
584,compil
585,sequenc
586,regist
587,miss
588,media
589,spamassassin
590,bush
591,final
592,header
593,cell
594,figur
595,stock
596,handl
597,command
598,display
599,similar
600,action
601,locat
602,tuesday
603,game
604,templ
605,pick
606,transfer
607,digit
608,hat
609,disk
610,event
611,wo
612,chri
613,produc
614,known
615,soon
616,track
617,articl
618,print
619,tax
620,longer
621,properti
622,mention
623,pretti
624,toner
625,default
626,dear
627,store
628,script
629,pc
630,debt
631,men
632,oblig
633,hous
634,sun
635,upgrad
636,microsoft
637,imag
638,respect
639,due
640,organ
641,enenkio
642,bulk
643,payment
644,capit
645,commiss
646,weight
647,administr
648,daili
649,freedom
650,health
651,along
652,practic
653,worth
654,offici
655,cartridg
656,n
657,half
658,propos
659,usa
660,came
661,strategi
662,resourc
663,languag
664,billion
665,leav
666,late
667,assum
668,platform
669,concern
670,clear
671,remain
672,net
673,exactli
674,street
675,devic
676,html
677,anyway
678,ignor
679,car
680,lost
681,tire
682,ok
683,interact
684,went
685,respond
686,hear
687,head
688,tue
689,tablet
690,la
691,taken
692,deliv
693,independ
694,perhap
695,configur
696,clean
697,bring
698,space
699,qualifi
700,fals
701,watch
702,averag
703,fine
704,invok
705,press
706,retail
707,recommend
708,school
709,expens
710,short
711,enabl
712,memori
713,fall
714,membership
715,huge
716,guess
717,host
718,consult
719,fee
720,edit
721,extrem
722,left
723,xml
724,suit
725,choos
726,review
727,usual
728,common
729,warn
730,advantag
731,except
732,compar
733,en
734,region
735,materi
736,port
737,agre
738,side
739,main
740,abil
741,announc
742,field
743,guy
744,dream
745,five
746,basic
747,paper
748,le
749,fri
750,drop
751,told
752,although
753,item
754,growth
755,educ
756,readi
757,spend
758,hold
759,black
760,vulner
761,cheer
762,model
763,win
764,electron
765,face
766,bonu
767,replac
768,unseen
769,interfac
770,studi
771,confidenti
772,loss
773,altern
774,reserv
775,kingdom
776,mon
777,accord
778,intend
779,safe
780,j
781,avoid
782,choic
783,implement
784,oz
785,approv
786,id
787,multipl
788,rest
789,situat
790,histori
791,commerci
792,break
793,moment
794,insid
795,employ
796,chanc
797,p
798,investig
799,togeth
800,combin
801,extra
802,purpos
803,section
804,pictur
805,coupl
806,quick
807,initi
808,advanc
809,msg
810,confirm
811,goe
812,monday
813,util
814,court
815,across
816,particular
817,unless
818,burn
819,energi
820,object
821,score
822,express
823,et
824,male
825,india
826,owner
827,took
828,indic
829,video
830,sens
831,filter
832,count
833,agenc
834,speed
835,societi
836,directli
837,correct
838,anywher
839,valid
840,four
841,variou
842,procedur
843,die
844,profil
845,ventur
846,cut
847,gpl
848,seek
849,period
850,uniqu
851,match
852,sex
853,consum
854,piec
855,especi
856,spammer
857,behalf
858,white
859,kevin
860,whatev
861,investor
862,certain
863,adam
864,knowledg
865,popul
866,setup
867,class
868,explain
869,gain
870,latest
871,remot
872,oh
873,militari
874,unison
875,dagga
876,tip
877,atol
878,block
879,ftp
880,south
881,gari
882,googl
883,marshal
884,unix
885,lawrenc
886,patch
887,tv
888,team
889,switch
890,establish
891,smoke
892,valuabl
893,ragga
894,aaaaaaaaaaaaaaaaaaaaaaaaaaaaaaaaaaaaaaaaaaaaaaaaaaaaaaaaaaaaaaaaaaaaaaaaaaaa
895,imagin
896,shop
897,java
898,integr
899,prevent
900,robert
901,attempt
902,prepar
903,third
904,boot
905,privaci
906,folk
907,will
908,necessari
909,tag
910,sometim
911,heard
912,hardwar
913,sorri
914,manual
915,saou
916,particip
917,reduc
918,york
919,congress
920,screen
921,bottl
922,china
923,fastest
924,night
925,sa
926,enjoy
927,depart
928,cover
929,stand
930,backup
931,path
932,driver
933,goal
934,alb
935,obtain
936,regul
937,certainli
938,mass
939,seriou
940,suppos
941,botan
942,competit
943,h
944,lower
945,amaz
946,land
947,fulli
948,promis
949,speak
950,poor
951,capabl
952,medic
953,traffic
954,extend
955,deathtospamdeathtospamdeathtospam
956,lowest
957,introduc
958,titl
959,scienc
960,apolog
961,movi
962,defin
963,describ
964,definit
965,troubl
966,exchang
967,film
968,neg
969,paul
970,cv
971,rang
972,easier
973,decis
974,wireless
975,os
976,osdn
977,sender
978,death
979,technic
980,approach
981,earli
982,murphi
983,six
984,predict
985,commit
986,written
987,beberg
988,quickli
989,fortun
990,kill
991,worri
992,redhat
993,sold
994,im
995,music
996,button
997,ham
998,firm
999,seventh
1000,judgment
1001,michael
1002,apt
1003,fat
1004,economi
1005,ensur
1006,mobil
1007,king
1008,father
1009,north
1010,opinion
1011,attach
1012,browser
1013,telephon
1014,faster
1015,argument
1016,premium
1017,achiev
1018,librari
1019,bar
1020,archiv
1021,player
1022,enterpris
1023,separ
1024,techniqu
1025,travel
1026,adult
1027,desir
1028,threat
1029,cooper
1030,demand
1031,deserv
1032,appar
1033,board
1034,uk
1035,f
1036,hello
1037,condit
1038,anim
1039,modul
1040,estat
1041,outsid
1042,stay
1043,determin
1044,enhanc
1045,attent
1046,wide
1047,elimin
1048,terrorist
1049,dave
1050,repres
1051,monthli
1052,virtual
1053,expert
1054,drug
1055,cabl
1056,children
1057,wall
1058,environ
1059,held
1060,declar
1061,modifi
1062,gnupg
1063,sincer
1064,pain
1065,permiss
1066,danger
1067,signific
1068,washington
1069,fun
1070,kid
1071,iii
1072,relev
1073,confid
1074,david
1075,cat
1076,l
1077,programm
1078,sum
1079,rich
1080,canada
1081,w
1082,equip
1083,g
1084,cc
1085,exclus
1086,proven
1087,air
1088,popular
1089,forev
1090,bitbitch
1091,string
1092,excel
1093,bottom
1094,diet
1095,justin
1096,expand
1097,centuri
1098,paragraph
1099,usd
1100,skip
1101,central
1102,factor
1103,friday
1104,relationship
1105,monitor
1106,near
1107,anybodi
1108,pattern
1109,san
1110,challeng
1111,identifi
1112,behind
1113,appreci
1114,director
1115,asset
1116,terror
1117,toward
1118,excit
1119,exercis
1120,girl
1121,perfect
1122,confer
1123,among
1124,whose
1125,rais
1126,progress
1127,unsolicit
1128,sexual
1129,discoveri
1130,roman
1131,defens
1132,background
1133,rh
1134,citizen
1135,difficult
1136,road
1137,west
1138,fit
1139,sampl
1140,hettinga
1141,rel
1142,acquir
1143,partit
1144,spain
1145,entri
1146,thread
1147,illeg
1148,intellig
1149,colleg
1150,lender
1151,photo
1152,octob
1153,strong
1154,earth
1155,seri
1156,confus
1157,serv
1158,chief
1159,william
1160,tie
1161,solv
1162,reader
1163,largest
1164,fair
1165,measur
1166,ms
1167,european
1168,tree
1169,refin
1170,instant
1171,stupid
1172,extract
1173,verifi
1174,french
1175,mode
1176,built
1177,equival
1178,peac
1179,regular
1180,deliveri
1181,mac
1182,laptop
1183,sweet
1184,slow
1185,oct
1186,lock
1187,reliabl
1188,procmail
1189,resid
1190,conveni
1191,index
1192,dead
1193,smart
1194,categori
1195,brian
1196,datapow
1197,suse
1198,tradit
1199,inlin
1200,africa
1201,arial
1202,front
1203,graphic
1204,europ
1205,cach
1206,voic
1207,ident
1208,leader
1209,annuiti
1210,ten
1211,useless
1212,evid
1213,realiz
1214,tim
1215,femal
1216,statu
1217,emerg
1218,occur
1219,capillari
1220,campaign
1221,fire
1222,gnu
1223,desktop
1224,compat
1225,verdana
1226,abus
1227,cultur
1228,therefor
1229,gift
1230,young
1231,institut
1232,revenu
1233,previous
1234,satellit
1235,concept
1236,herba
1237,physic
1238,higher
1239,convers
1240,thursday
1241,walk
1242,launch
1243,aid
1244,warranti
1245,brand
1246,deposit
1247,nigeria
1248,otherwis
1249,contribut
1250,degre
1251,doubt
1252,concentr
1253,underlin
1254,roll
1255,june
1256,honor
1257,forget
1258,arriv
1259,inde
1260,unlimit
1261,echo
1262,compet
1263,indian
1264,former
1265,pacif
1266,classifi
1267,carri
1268,wife
1269,repositori
1270,yeah
1271,weapon
1272,listen
1273,powel
1274,token
1275,conflict
1276,critic
1277,affili
1278,fight
1279,recipi
1280,sat
1281,tech
1282,unfortun
1283,percent
1284,password
1285,storag
1286,app
1287,isp
1288,surpris
1289,extens
1290,detect
1291,hot
1292,civil
1293,sleep
1294,effici
1295,succeed
1296,assur
1297,art
1298,sit
1299,basi
1300,catch
1301,hermio
1302,jabber
1303,intro
1304,garrigu
1305,alsa
1306,water
1307,panel
1308,kept
1309,printer
1310,substanti
1311,tabl
1312,menu
1313,charact
1314,enemi
1315,proprietari
1316,pull
1317,ip
1318,light
1319,jm
1320,scan
1321,mine
1322,descript
1323,output
1324,revers
1325,v
1326,wednesday
1327,discount
1328,disabl
1329,attract
1330,joe
1331,saw
1332,advic
1333,truth
1334,pudg
1335,god
1336,seven
1337,worldwid
1338,structur
1339,euro
1340,analysi
1341,af
1342,vendor
1343,balanc
1344,manufactur
1345,gone
1346,room
1347,cool
1348,alon
1349,franc
1350,vote
1351,decad
1352,lack
1353,morn
1354,jame
1355,teach
1356,specifi
1357,agreement
1358,california
1359,k
1360,editor
1361,whitelist
1362,wast
1363,boston
1364,gold
1365,patent
1366,awar
1367,inc
1368,zip
1369,innov
1370,treat
1371,nobodi
1372,polic
1373,construct
1374,insert
1375,temperatur
1376,clue
1377,ga
1378,journal
1379,theori
1380,career
1381,u
1382,highli
1383,obvious
1384,financ
1385,tom
1386,gcc
1387,input
1388,constitut
1389,touch
1390,incred
1391,ultim
1392,flag
1393,afford
1394,impress
1395,int
1396,encourag
1397,son
1398,spec
1399,cent
1400,anymor
1401,brain
1402,usag
1403,ab
1404,greater
1405,correspond
1406,attorney
1407,peni
1408,ebay
1409,trick
1410,jim
1411,previou
1412,mother
1413,trial
1414,master
1415,blank
1416,boy
1417,annual
1418,wake
1419,blood
1420,middl
1421,hp
1422,hate
1423,dan
1424,stream
1425,larger
1426,democrat
1427,greg
1428,suffer
1429,mike
1430,urgent
1431,mechan
1432,cbyi
1433,el
1434,pound
1435,focu
1436,advis
1437,perman
1438,cheap
1439,star
1440,particularli
1441,mostli
1442,flow
1443,underwrit
1444,judg
1445,php
1446,summari
1447,skeptic
1448,varieti
1449,speech
1450,smtp
1451,style
1452,wealth
1453,obviou
1454,vacat
1455,instanc
1456,percentag
1457,delay
1458,dynam
1459,mistak
1460,bold
1461,behavior
1462,earlier
1463,keyboard
1464,super
1465,binari
1466,toni
1467,comfort
1468,warm
1469,republ
1470,dark
1471,destruct
1472,suspect
1473,mailer
1474,telecom
1475,firewal
1476,laserjet
1477,reveal
1478,rick
1479,affect
1480,termin
1481,auto
1482,channel
1483,woman
1484,rock
1485,arm
1486,eye
1487,aa
1488,tend
1489,se
1490,consolid
1491,motiv
1492,knew
1493,essenti
1494,steve
1495,ireland
1496,ban
1497,recogn
1498,consist
1499,vipul
1500,heart
1501,btw
1502,skill
1503,domest
1504,floppi
1505,principl
1506,rss
1507,alli
1508,english
1509,prospect
1510,lawyer
1511,pack
1512,impact
1513,core
1514,highlight
1515,wing
1516,beta
1517,prompt
1518,estim
1519,invit
1520,somewher
1521,eval
1522,magazin
1523,gnome
1524,dell
1525,eventu
1526,defend
1527,restor
1528,opt
1529,nearli
1530,task
1531,pipe
1532,revis
1533,comprehens
1534,vehicl
1535,font
1536,staff
1537,variabl
1538,ftoc
1539,planta
1540,role
1541,beat
1542,fl
1543,unlik
1544,march
1545,convert
1546,lifetim
1547,python
1548,teledynam
1549,dn
1550,hair
1551,babi
1552,pocket
1553,clearli
1554,ground
1555,audio
1556,modern
1557,despit
1558,histor
1559,food
1560,modem
1561,map
1562,biggest
1563,eat
1564,ii
1565,complianc
1566,suck
1567,fresh
1568,favor
1569,commentari
1570,strength
1571,sensit
1572,picasso
1573,ec
1574,bind
1575,bf
1576,mlm
1577,minimum
1578,strongli
1579,netscap
1580,config
1581,exploit
1582,british
1583,senior
1584,coverag
1585,shown
1586,dragon
1587,gave
1588,instantli
1589,mile
1590,peter
1591,employe
1592,stabl
1593,met
1594,interview
1595,liber
1596,truli
1597,failur
1598,dont
1599,conserv
1600,permit
1601,doctor
1602,texa
1603,spot
1604,protocol
1605,mailbox
1606,ea
1607,beyond
1608,consider
1609,signal
1610,equal
1611,everybodi
1612,tape
1613,typic
1614,optim
1615,brought
1616,visa
1617,calcul
1618,tx
1619,reli
1620,synchron
1621,led
1622,hidden
1623,crash
1624,chines
1625,q
1626,proper
1627,draw
1628,exact
1629,hover
1630,startup
1631,revok
1632,dial
1633,al
1634,geeg
1635,showcas
1636,translat
1637,worst
1638,distanc
1639,char
1640,plant
1641,prove
1642,imposs
1643,neighbor
1644,broker
1645,yesterday
1646,spent
1647,favorit
1648,annoy
1649,evil
1650,extern
1651,crimin
1652,finish
1653,bonus
1654,boss
1655,stylu
1656,bigger
1657,feet
1658,ran
1659,artist
1660,repair
1661,bearer
1662,retriev
1663,bb
1664,z
1665,pop
1666,explor
1667,sir
1668,acknowledg
1669,sole
1670,foundat
1671,rare
1672,guidelin
1673,portion
1674,hell
1675,equiti
1676,poverti
1677,expir
1678,somebodi
1679,strang
1680,rebuild
1681,planet
1682,hotel
1683,england
1684,rob
1685,beauti
1686,hack
1687,properli
1688,scientist
1689,evalu
1690,edward
1691,safeti
1692,serious
1693,sunday
1694,strip
1695,summer
1696,iiu
1697,jump
1698,station
1699,scheme
1700,correctli
1701,restrict
1702,autom
1703,bell
1704,chicago
1705,spread
1706,helvetica
1707,climat
1708,antiqu
1709,prescript
1710,minor
1711,push
1712,lie
1713,sport
1714,threaten
1715,becam
1716,epson
1717,recruit
1718,diseas
1719,lo
1720,fundament
1721,para
1722,mount
1723,shape
1724,primari
1725,gentl
1726,headlin
1727,student
1728,entertain
1729,vou
1730,currenc
1731,radio
1732,damag
1733,architectur
1734,laser
1735,proxi
1736,recal
1737,merchant
1738,protest
1739,hang
1740,happier
1741,craig
1742,mainten
1743,seed
1744,herb
1745,husband
1746,resum
1747,spamd
1748,remedi
1749,van
1750,exit
1751,vast
1752,bc
1753,muscl
1754,sendmail
1755,settlement
1756,plug
1757,doubl
1758,empti
1759,stick
1760,corpu
1761,buyer
1762,feroc
1763,prioriti
1764,moor
1765,western
1766,faith
1767,ba
1768,creativ
1769,angl
1770,prior
1771,somehow
1772,dozen
1773,tel
1774,feedback
1775,viagra
1776,laugh
1777,reg
1778,ticket
1779,georg
1780,hall
1781,luck
1782,disappear
1783,symbol
1784,hire
1785,green
1786,feed
1787,aspect
1788,reject
1789,ssh
1790,anonym
1791,norton
1792,wors
1793,kathmandu
1794,camera
1795,child
1796,oil
1797,disclaim
1798,batteri
1799,broken
1800,supplement
1801,seminar
1802,usb
1803,bother
1804,realiti
1805,hormon
1806,committe
1807,doc
1808,arrang
1809,allianc
1810,pour
1811,substanc
1812,parent
1813,argu
1814,shall
1815,encrypt
1816,perfectli
1817,entrepreneur
1818,democraci
1819,appeal
1820,fantasi
1821,shot
1822,ie
1823,convent
1824,acceler
1825,slightli
1826,sponsorship
1827,random
1828,park
1829,electr
1830,phrase
1831,mozilla
1832,convinc
1833,authent
1834,blue
1835,legitim
1836,observ
1837,shock
1838,statist
1839,serial
1840,à
1841,neither
1842,door
1843,frame
1844,queri
1845,hey
1846,award
1847,east
1848,merg
1849,auction
1850,strictli
1851,refund
1852,appropri
1853,funni
1854,nort
1855,resolv
1856,empir
1857,barcelona
1858,edg
1859,edificio
1860,alert
1861,lesson
1862,aphrodisia
1863,carrier
1864,survey
1865,fear
1866,stabil
1867,volum
1868,pressur
1869,eugen
1870,capac
1871,tomorrow
1872,damn
1873,highest
1874,bear
1875,surviv
1876,repeat
1877,solari
1878,smaller
1879,ac
1880,hunt
1881,kelli
1882,daniel
1883,nt
1884,mr
1885,banner
1886,trip
1887,declin
1888,odd
1889,amend
1890,herbal
1891,arrest
1892,farquhar
1893,januari
1894,owen
1895,alter
1896,pablo
1897,fairli
1898,twice
1899,virus
1900,strike
1901,te
1902,union
1903,aggress
1904,bought
1905,meant
1906,mason
1907,bound
1908,licenc
1909,cold
1910,complain
1911,zero
1912,duplic
1913,compon
1914,gmt
1915,ah
1916,winner
1917,cancel
1918,violat
1919,welch
1920,race
1921,appl
1922,promiscu
1923,easiest
1924,harm
1925,exclud
1926,inbox
1927,weekend
1928,md
1929,vari
1930,presum
1931,prosaka
1932,debian
1933,mh
1934,deni
1935,round
1936,blog
1937,spray
1938,mous
1939,pill
1940,mirror
1941,farm
1942,postal
1943,reduct
1944,scam
1945,nativ
1946,genet
1947,ratio
1948,audienc
1949,algorithm
1950,formula
1951,bandwidth
1952,honest
1953,bunch
1954,precis
1955,viru
1956,â
1957,vjestika
1958,possess
1959,brief
1960,austin
1961,iraq
1962,gibbon
1963,split
1964,compens
1965,martin
1966,gay
1967,renew
1968,elsewher
1969,tab
1970,bankruptci
1971,approxim
1972,reboot
1973,partnership
1974,analyst
1975,sea
1976,club
1977,roger
1978,envelop
1979,lift
1980,grand
1981,reward
1982,deploy
1983,porn
1984,processor
1985,label
1986,buffer
1987,plugin
1988,msgid
1989,weekli
1990,testimoni
1991,gordon
1992,dramat
1993,massiv
1994,margin
1995,saturday
1996,ibm
1997,aol
1998,millionair
1999,adopt
2000,anytim
2001,retir
2002,nvidia
2003,apart
2004,sm
2005,hmm
2006,collabor
2007,writer
2008,that
2009,infrastructur
2010,complex
2011,cancer
2012,religion
2013,registr
2014,agreeabl
2015,dig
2016,flash
2017,fuck
2018,environment
2019,rohit
2020,engag
2021,prohibit
2022,conduct
2023,shell
2024,ps
2025,inconveni
2026,ministri
2027,cycl
2028,satisfi
2029,ae
2030,northern
2031,length
2032,assembl
2033,plenti
2034,thoma
2035,yellow
2036,solicit
2037,schedul
2038,african
2039,justic
2040,harley
2041,swap
2042,onto
2043,own
2044,rout
2045,mere
2046,began
2047,rose
2048,img
2049,ffffff
2050,farmer
2051,enforc
2052,clock
2053,experienc
2054,excess
2055,self
2056,henc
2057,duncan
2058,encount
2059,candid
2060,distro
2061,null
2062,acquisit
2063,attend
2064,liter
2065,kate
2066,guido
2067,prosper
2068,scale
2069,straight
2070,pointer
2071,homeown
2072,deep
2073,grab
2074,minim
2075,evolv
2076,wholesal
2077,throw
2078,london
2079,russian
2080,newspap
2081,elect
2082,famou
2083,transform
2084,demonstr
2085,da
2086,domin
2087,conclud
2088,invent
2089,televis
2090,oppos
2091,colleagu
2092,var
2093,buck
2094,glad
2095,receipt
2096,wave
2097,hors
2098,mix
2099,boost
2100,murder
2101,rank
2102,toll
2103,niall
2104,context
2105,lawsuit
2106,christian
2107,solid
2108,unabl
2109,chat
2110,assert
2111,proof
2112,remark
2113,preserv
2114,resel
2115,routin
2116,co
2117,religi
2118,corrupt
2119,skin
2120,valhalla
2121,entiti
2122,loop
2123,crime
2124,blame
2125,attain
2126,brent
2127,tast
2128,icq
2129,inspir
2130,inkjet
2131,webmast
2132,scientif
2133,accur
2134,marshalles
2135,forest
2136,habea
2137,mathemat
2138,vircio
2139,newsgroup
2140,replica
2141,paypal
2142,tune
2143,asia
2144,numer
2145,russia
2146,abacha
2147,passphras
2148,moral
2149,glm
2150,embed
2151,rise
2152,yield
2153,hint
2154,bless
2155,throughout
2156,sheet
2157,hash
2158,po
2159,mountain
2160,na
2161,column
2162,chart
2163,song
2164,frequent
2165,bu
2166,destroy
2167,jar
2168,brother
2169,victim
2170,regardless
2171,joseph
2172,heavi
2173,formal
2174,ben
2175,visitor
2176,town
2177,pure
2178,branch
2179,bay
2180,limbo
2181,freebsd
2182,chip
2183,aim
2184,amateur
2185,ed
2186,drink
2187,consequ
2188,classic
2189,decemb
2190,labor
2191,trace
2192,incompat
2193,dog
2194,mess
2195,remind
2196,logic
2197,satisfact
2198,medium
2199,prize
2200,worker
2201,topic
2202,que
2203,exhibit
2204,violenc
2205,negoti
2206,export
2207,il
2208,coast
2209,felt
2210,pars
2211,smoker
2212,adapt
2213,spamtrap
2214,est
2215,imho
2216,spirit
2217,ladi
2218,gambl
2219,privileg
2220,crap
2221,joke
2222,focus
2223,syntax
2224,assign
2225,exceed
2226,specialist
2227,pa
2228,lib
2229,byte
2230,fan
2231,battl
2232,appoint
2233,tremend
2234,incorpor
2235,complic
2236,stamp
2237,batch
2238,vice
2239,opposit
2240,circumst
2241,pursu
2242,cheaper
2243,moder
2244,bet
2245,loos
2246,sophist
2247,lover
2248,entitl
2249,boundari
2250,jodi
2251,intel
2252,unknown
2253,unwant
2254,florida
2255,liberti
2256,border
2257,chairman
2258,strengthen
2259,sur
2260,alan
2261,riaa
2262,kit
2263,struggl
2264,pro
2265,ui
2266,truck
2267,admit
2268,trivial
2269,older
2270,airlin
2271,affair
2272,keyword
2273,gather
2274,compress
2275,okay
2276,caught
2277,compel
2278,goto
2279,muslim
2280,ideal
2281,hole
2282,mastercard
2283,belief
2284,owe
2285,surfac
2286,wear
2287,transmiss
2288,australia
2289,ownership
2290,disclosur
2291,ahead
2292,album
2293,ved
2294,pioneer
2295,penni
2296,stage
2297,trend
2298,sector
2299,britain
2300,dublin
2301,airport
2302,majesti
2303,stephen
2304,adjust
2305,maker
2306,dump
2307,jack
2308,tin
2309,stress
2310,relay
2311,weak
2312,pickl
2313,refus
2314,maximum
2315,assumpt
2316,ice
2317,palestinian
2318,scott
2319,weather
2320,outlook
2321,lay
2322,raw
2323,suffici
2324,mplayer
2325,wa
2326,dice
2327,overal
2328,msn
2329,reform
2330,encod
2331,portabl
2332,schuman
2333,wealthi
2334,transpar
2335,ne
2336,hawaii
2337,influenc
2338,finger
2339,magic
2340,captur
2341,debug
2342,chain
2343,curv
2344,sentenc
2345,propag
2346,marri
2347,hide
2348,lilo
2349,timeout
2350,explan
2351,holiday
2352,retain
2353,whatsoev
2354,egg
2355,ce
2356,silli
2357,proceed
2358,mandat
2359,patrick
2360,ou
2361,vision
2362,shout
2363,depress
2364,admin
2365,catalog
2366,session
2367,bone
2368,submiss
2369,astronom
2370,endeavor
2371,trademark
2372,spring
2373,frustrat
2374,dinosaur
2375,crack
2376,scratch
2377,settl
2378,francisco
2379,casino
2380,movement
2381,hacker
2382,spambay
2383,belong
2384,ram
2385,ethic
2386,heck
2387,weird
2388,randomli
2389,tower
2390,rah
2391,ar
2392,inexpens
2393,api
2394,besid
2395,gpg
2396,circl
2397,latter
2398,intellectu
2399,speaker
2400,mysql
2401,virginia
2402,fli
2403,rapidli
2404,outstand
2405,hospit
2406,corner
2407,unusu
2408,buri
2409,formul
2410,prob
2411,ez
2412,minist
2413,germani
2414,thirti
2415,preced
2416,greatest
2417,lean
2418,necessarili
2419,constant
2420,scholarship
2421,fuel
2422,snore
2423,intent
2424,tivo
2425,pentium
2426,openssl
2427,bomb
2428,du
2429,ir
2430,expos
2431,jeremi
2432,plane
2433,eb
2434,igtt
2435,abandon
2436,organis
2437,ton
2438,twenti
2439,xxx
2440,iroijlaplap
2441,joint
2442,celebr
2443,recognit
2444,openssh
2445,es
2446,forum
2447,armi
2448,theme
2449,greet
2450,german
2451,tweak
2452,jurisdict
2453,japan
2454,recov
2455,une
2456,wild
2457,richard
2458,harvest
2459,draft
2460,dr
2461,relax
2462,maxim
2463,conclus
2464,marriag
2465,arg
2466,season
2467,framework
2468,element
2469,fp
2470,burner
2471,anthoni
2472,con
2473,freez
2474,decreas
2475,milter
2476,magnitud
2477,contest
2478,shoot
2479,council
2480,elig
2481,everywher
2482,mutual
2483,invalid
2484,leas
2485,scenario
2486,render
2487,advisor
2488,tobacco
2489,murjel
2490,layer
2491,ximian
2492,dedic
2493,trader
2494,bullet
2495,subsequ
2496,flight
2497,potent
2498,angel
2499,bob
